Order_ID,Order_Date,Product,Category,Quantity,Price,City
101,2024-01-05,Laptop,Electronics,1,120000,Lahore
102,2024-01-10,Mobile,Electronics,2,60000,Karachi
103,2024-02-02,Headphones,Accessories,3,3000,Islamabad
104,2024-02-15,Laptop,Electronics,1,125000,Lahore
105,2024-03-01,Keyboard,Accessories,2,2500,Karachi
106,2024-03-10,Mouse,Accessories,3,1500,Lahore
107,2024-04-05,Mobile,Electronics,1,65000,Islamabad
108,2024-04-18,Laptop Bag,Accessories,2,4000,Karachi
109,2024-05-02,Headphones,Accessories,1,3500,Lahore
110,2024-05-15,Mouse,Accessories,4,1500,Islamabad
